index,filename,timestamp_seconds,visual_group,is_representative,representative_filename,group_size,group_start_seconds,group_end_seconds
0,frame_000001.jpg,0.0,0,True,frame_000001.jpg,1,0.0,0.0
1,frame_000002.jpg,2.5,1,True,frame_000002.jpg,2,2.5,5.0
2,frame_000003.jpg,5.0,1,False,frame_000002.jpg,2,2.5,5.0
3,frame_000004.jpg,7.5,2,True,frame_000004.jpg,1,7.5,7.5
4,frame_000005.jpg,10.0,3,True,frame_000005.jpg,1,10.0,10.0
5,frame_000006.jpg,12.5,4,True,frame_000006.jpg,1,12.5,12.5
6,frame_000007.jpg,15.0,5,True,frame_000007.jpg,19,15.0,60.0
7,frame_000008.jpg,17.5,5,False,frame_000007.jpg,19,15.0,60.0
8,frame_000009.jpg,20.0,5,False,frame_000007.jpg,19,15.0,60.0
9,frame_000010.jpg,22.5,5,False,frame_000007.jpg,19,15.0,60.0
10,frame_000011.jpg,25.0,5,False,frame_000007.jpg,19,15.0,60.0
11,frame_000012.jpg,27.5,5,False,frame_000007.jpg,19,15.0,60.0
12,frame_000013.jpg,30.0,5,False,frame_000007.jpg,19,15.0,60.0
13,frame_000014.jpg,32.5,5,False,frame_000007.jpg,19,15.0,60.0
14,frame_000015.jpg,35.0,5,False,frame_000007.jpg,19,15.0,60.0
15,frame_000016.jpg,37.5,5,False,frame_000007.jpg,19,15.0,60.0
16,frame_000017.jpg,40.0,5,False,frame_000007.jpg,19,15.0,60.0
17,frame_000018.jpg,42.5,5,False,frame_000007.jpg,19,15.0,60.0
18,frame_000019.jpg,45.0,5,False,frame_000007.jpg,19,15.0,60.0
19,frame_000020.jpg,47.5,5,False,frame_000007.jpg,19,15.0,60.0
20,frame_000021.jpg,50.0,5,False,frame_000007.jpg,19,15.0,60.0
21,frame_000022.jpg,52.5,5,False,frame_000007.jpg,19,15.0,60.0
22,frame_000023.jpg,55.0,5,False,frame_000007.jpg,19,15.0,60.0
23,frame_000024.jpg,57.5,5,False,frame_000007.jpg,19,15.0,60.0
24,frame_000025.jpg,60.0,5,False,frame_000007.jpg,19,15.0,60.0
25,frame_000026.jpg,62.5,6,True,frame_000026.jpg,1,62.5,62.5
26,frame_000027.jpg,65.0,7,True,frame_000027.jpg,44,65.0,172.5
27,frame_000028.jpg,67.5,7,False,frame_000027.jpg,44,65.0,172.5
28,frame_000029.jpg,70.0,7,False,frame_000027.jpg,44,65.0,172.5
29,frame_000030.jpg,72.5,7,False,frame_000027.jpg,44,65.0,172.5
30,frame_000031.jpg,75.0,7,False,frame_000027.jpg,44,65.0,172.5
31,frame_000032.jpg,77.5,7,False,frame_000027.jpg,44,65.0,172.5
32,frame_000033.jpg,80.0,7,False,frame_000027.jpg,44,65.0,172.5
33,frame_000034.jpg,82.5,7,False,frame_000027.jpg,44,65.0,172.5
34,frame_000035.jpg,85.0,7,False,frame_000027.jpg,44,65.0,172.5
35,frame_000036.jpg,87.5,7,False,frame_000027.jpg,44,65.0,172.5
36,frame_000037.jpg,90.0,7,False,frame_000027.jpg,44,65.0,172.5
37,frame_000038.jpg,92.5,7,False,frame_000027.jpg,44,65.0,172.5
38,frame_000039.jpg,95.0,7,False,frame_000027.jpg,44,65.0,172.5
39,frame_000040.jpg,97.5,7,False,frame_000027.jpg,44,65.0,172.5
40,frame_000041.jpg,100.0,7,False,frame_000027.jpg,44,65.0,172.5
41,frame_000042.jpg,102.5,7,False,frame_000027.jpg,44,65.0,172.5
42,frame_000043.jpg,105.0,7,False,frame_000027.jpg,44,65.0,172.5
43,frame_000044.jpg,107.5,7,False,frame_000027.jpg,44,65.0,172.5
44,frame_000045.jpg,110.0,7,False,frame_000027.jpg,44,65.0,172.5
45,frame_000046.jpg,112.5,7,False,frame_000027.jpg,44,65.0,172.5
46,frame_000047.jpg,115.0,7,False,frame_000027.jpg,44,65.0,172.5
47,frame_000048.jpg,117.5,7,False,frame_000027.jpg,44,65.0,172.5
48,frame_000049.jpg,120.0,7,False,frame_000027.jpg,44,65.0,172.5
49,frame_000050.jpg,122.5,7,False,frame_000027.jpg,44,65.0,172.5
50,frame_000051.jpg,125.0,7,False,frame_000027.jpg,44,65.0,172.5
51,frame_000052.jpg,127.5,7,False,frame_000027.jpg,44,65.0,172.5
52,frame_000053.jpg,130.0,7,False,frame_000027.jpg,44,65.0,172.5
53,frame_000054.jpg,132.5,7,False,frame_000027.jpg,44,65.0,172.5
54,frame_000055.jpg,135.0,7,False,frame_000027.jpg,44,65.0,172.5
55,frame_000056.jpg,137.5,7,False,frame_000027.jpg,44,65.0,172.5
56,frame_000057.jpg,140.0,7,False,frame_000027.jpg,44,65.0,172.5
57,frame_000058.jpg,142.5,7,False,frame_000027.jpg,44,65.0,172.5
58,frame_000059.jpg,145.0,7,False,frame_000027.jpg,44,65.0,172.5
59,frame_000060.jpg,147.5,7,False,frame_000027.jpg,44,65.0,172.5
60,frame_000061.jpg,150.0,7,False,frame_000027.jpg,44,65.0,172.5
61,frame_000062.jpg,152.5,7,False,frame_000027.jpg,44,65.0,172.5
62,frame_000063.jpg,155.0,7,False,frame_000027.jpg,44,65.0,172.5
63,frame_000064.jpg,157.5,7,False,frame_000027.jpg,44,65.0,172.5
64,frame_000065.jpg,160.0,7,False,frame_000027.jpg,44,65.0,172.5
65,frame_000066.jpg,162.5,7,False,frame_000027.jpg,44,65.0,172.5
66,frame_000067.jpg,165.0,7,False,frame_000027.jpg,44,65.0,172.5
67,frame_000068.jpg,167.5,7,False,frame_000027.jpg,44,65.0,172.5
68,frame_000069.jpg,170.0,7,False,frame_000027.jpg,44,65.0,172.5
69,frame_000070.jpg,172.5,7,False,frame_000027.jpg,44,65.0,172.5
70,frame_000071.jpg,175.0,8,True,frame_000071.jpg,11,175.0,200.0
71,frame_000072.jpg,177.5,8,False,frame_000071.jpg,11,175.0,200.0
72,frame_000073.jpg,180.0,8,False,frame_000071.jpg,11,175.0,200.0
73,frame_000074.jpg,182.5,8,False,frame_000071.jpg,11,175.0,200.0
74,frame_000075.jpg,185.0,8,False,frame_000071.jpg,11,175.0,200.0
75,frame_000076.jpg,187.5,8,False,frame_000071.jpg,11,175.0,200.0
76,frame_000077.jpg,190.0,8,False,frame_000071.jpg,11,175.0,200.0
77,frame_000078.jpg,192.5,8,False,frame_000071.jpg,11,175.0,200.0
78,frame_000079.jpg,195.0,8,False,frame_000071.jpg,11,175.0,200.0
79,frame_000080.jpg,197.5,8,False,frame_000071.jpg,11,175.0,200.0
80,frame_000081.jpg,200.0,8,False,frame_000071.jpg,11,175.0,200.0
81,frame_000082.jpg,202.5,9,True,frame_000082.jpg,5,202.5,212.5
82,frame_000083.jpg,205.0,9,False,frame_000082.jpg,5,202.5,212.5
83,frame_000084.jpg,207.5,9,False,frame_000082.jpg,5,202.5,212.5
84,frame_000085.jpg,210.0,9,False,frame_000082.jpg,5,202.5,212.5
85,frame_000086.jpg,212.5,9,False,frame_000082.jpg,5,202.5,212.5
86,frame_000087.jpg,215.0,10,True,frame_000087.jpg,317,215.0,1005.0
87,frame_000088.jpg,217.5,10,False,frame_000087.jpg,317,215.0,1005.0
88,frame_000089.jpg,220.0,10,False,frame_000087.jpg,317,215.0,1005.0
89,frame_000090.jpg,222.5,10,False,frame_000087.jpg,317,215.0,1005.0
90,frame_000091.jpg,225.0,10,False,frame_000087.jpg,317,215.0,1005.0
91,frame_000092.jpg,227.5,10,False,frame_000087.jpg,317,215.0,1005.0
92,frame_000093.jpg,230.0,10,False,frame_000087.jpg,317,215.0,1005.0
93,frame_000094.jpg,232.5,10,False,frame_000087.jpg,317,215.0,1005.0
94,frame_000095.jpg,235.0,10,False,frame_000087.jpg,317,215.0,1005.0
95,frame_000096.jpg,237.5,10,False,frame_000087.jpg,317,215.0,1005.0
96,frame_000097.jpg,240.0,10,False,frame_000087.jpg,317,215.0,1005.0
97,frame_000098.jpg,242.5,10,False,frame_000087.jpg,317,215.0,1005.0
98,frame_000099.jpg,245.0,10,False,frame_000087.jpg,317,215.0,1005.0
99,frame_000100.jpg,247.5,10,False,frame_000087.jpg,317,215.0,1005.0
100,frame_000101.jpg,250.0,10,False,frame_000087.jpg,317,215.0,1005.0
101,frame_000102.jpg,252.5,10,False,frame_000087.jpg,317,215.0,1005.0
102,frame_000103.jpg,255.0,10,False,frame_000087.jpg,317,215.0,1005.0
103,frame_000104.jpg,257.5,10,False,frame_000087.jpg,317,215.0,1005.0
104,frame_000105.jpg,260.0,10,False,frame_000087.jpg,317,215.0,1005.0
105,frame_000106.jpg,262.5,10,False,frame_000087.jpg,317,215.0,1005.0
106,frame_000107.jpg,265.0,10,False,frame_000087.jpg,317,215.0,1005.0
107,frame_000108.jpg,267.5,10,False,frame_000087.jpg,317,215.0,1005.0
108,frame_000109.jpg,270.0,10,False,frame_000087.jpg,317,215.0,1005.0
109,frame_000110.jpg,272.5,10,False,frame_000087.jpg,317,215.0,1005.0
110,frame_000111.jpg,275.0,10,False,frame_000087.jpg,317,215.0,1005.0
111,frame_000112.jpg,277.5,10,False,frame_000087.jpg,317,215.0,1005.0
112,frame_000113.jpg,280.0,10,False,frame_000087.jpg,317,215.0,1005.0
113,frame_000114.jpg,282.5,10,False,frame_000087.jpg,317,215.0,1005.0
114,frame_000115.jpg,285.0,10,False,frame_000087.jpg,317,215.0,1005.0
115,frame_000116.jpg,287.5,10,False,frame_000087.jpg,317,215.0,1005.0
116,frame_000117.jpg,290.0,10,False,frame_000087.jpg,317,215.0,1005.0
117,frame_000118.jpg,292.5,10,False,frame_000087.jpg,317,215.0,1005.0
118,frame_000119.jpg,295.0,10,False,frame_000087.jpg,317,215.0,1005.0
119,frame_000120.jpg,297.5,10,False,frame_000087.jpg,317,215.0,1005.0
120,frame_000121.jpg,300.0,10,False,frame_000087.jpg,317,215.0,1005.0
121,frame_000122.jpg,302.5,10,False,frame_000087.jpg,317,215.0,1005.0
122,frame_000123.jpg,305.0,10,False,frame_000087.jpg,317,215.0,1005.0
123,frame_000124.jpg,307.5,10,False,frame_000087.jpg,317,215.0,1005.0
124,frame_000125.jpg,310.0,10,False,frame_000087.jpg,317,215.0,1005.0
125,frame_000126.jpg,312.5,10,False,frame_000087.jpg,317,215.0,1005.0
126,frame_000127.jpg,315.0,10,False,frame_000087.jpg,317,215.0,1005.0
127,frame_000128.jpg,317.5,10,False,frame_000087.jpg,317,215.0,1005.0
128,frame_000129.jpg,320.0,10,False,frame_000087.jpg,317,215.0,1005.0
129,frame_000130.jpg,322.5,10,False,frame_000087.jpg,317,215.0,1005.0
130,frame_000131.jpg,325.0,10,False,frame_000087.jpg,317,215.0,1005.0
131,frame_000132.jpg,327.5,10,False,frame_000087.jpg,317,215.0,1005.0
132,frame_000133.jpg,330.0,10,False,frame_000087.jpg,317,215.0,1005.0
133,frame_000134.jpg,332.5,10,False,frame_000087.jpg,317,215.0,1005.0
134,frame_000135.jpg,335.0,10,False,frame_000087.jpg,317,215.0,1005.0
135,frame_000136.jpg,337.5,10,False,frame_000087.jpg,317,215.0,1005.0
136,frame_000137.jpg,340.0,10,False,frame_000087.jpg,317,215.0,1005.0
137,frame_000138.jpg,342.5,10,False,frame_000087.jpg,317,215.0,1005.0
138,frame_000139.jpg,345.0,10,False,frame_000087.jpg,317,215.0,1005.0
139,frame_000140.jpg,347.5,10,False,frame_000087.jpg,317,215.0,1005.0
140,frame_000141.jpg,350.0,10,False,frame_000087.jpg,317,215.0,1005.0
141,frame_000142.jpg,352.5,10,False,frame_000087.jpg,317,215.0,1005.0
142,frame_000143.jpg,355.0,10,False,frame_000087.jpg,317,215.0,1005.0
143,frame_000144.jpg,357.5,10,False,frame_000087.jpg,317,215.0,1005.0
144,frame_000145.jpg,360.0,10,False,frame_000087.jpg,317,215.0,1005.0
145,frame_000146.jpg,362.5,10,False,frame_000087.jpg,317,215.0,1005.0
146,frame_000147.jpg,365.0,10,False,frame_000087.jpg,317,215.0,1005.0
147,frame_000148.jpg,367.5,10,False,frame_000087.jpg,317,215.0,1005.0
148,frame_000149.jpg,370.0,10,False,frame_000087.jpg,317,215.0,1005.0
149,frame_000150.jpg,372.5,10,False,frame_000087.jpg,317,215.0,1005.0
150,frame_000151.jpg,375.0,10,False,frame_000087.jpg,317,215.0,1005.0
151,frame_000152.jpg,377.5,10,False,frame_000087.jpg,317,215.0,1005.0
152,frame_000153.jpg,380.0,10,False,frame_000087.jpg,317,215.0,1005.0
153,frame_000154.jpg,382.5,10,False,frame_000087.jpg,317,215.0,1005.0
154,frame_000155.jpg,385.0,10,False,frame_000087.jpg,317,215.0,1005.0
155,frame_000156.jpg,387.5,10,False,frame_000087.jpg,317,215.0,1005.0
156,frame_000157.jpg,390.0,10,False,frame_000087.jpg,317,215.0,1005.0
157,frame_000158.jpg,392.5,10,False,frame_000087.jpg,317,215.0,1005.0
158,frame_000159.jpg,395.0,10,False,frame_000087.jpg,317,215.0,1005.0
159,frame_000160.jpg,397.5,10,False,frame_000087.jpg,317,215.0,1005.0
160,frame_000161.jpg,400.0,10,False,frame_000087.jpg,317,215.0,1005.0
161,frame_000162.jpg,402.5,10,False,frame_000087.jpg,317,215.0,1005.0
162,frame_000163.jpg,405.0,10,False,frame_000087.jpg,317,215.0,1005.0
163,frame_000164.jpg,407.5,10,False,frame_000087.jpg,317,215.0,1005.0
164,frame_000165.jpg,410.0,10,False,frame_000087.jpg,317,215.0,1005.0
165,frame_000166.jpg,412.5,10,False,frame_000087.jpg,317,215.0,1005.0
166,frame_000167.jpg,415.0,10,False,frame_000087.jpg,317,215.0,1005.0
167,frame_000168.jpg,417.5,10,False,frame_000087.jpg,317,215.0,1005.0
168,frame_000169.jpg,420.0,10,False,frame_000087.jpg,317,215.0,1005.0
169,frame_000170.jpg,422.5,10,False,frame_000087.jpg,317,215.0,1005.0
170,frame_000171.jpg,425.0,10,False,frame_000087.jpg,317,215.0,1005.0
171,frame_000172.jpg,427.5,10,False,frame_000087.jpg,317,215.0,1005.0
172,frame_000173.jpg,430.0,10,False,frame_000087.jpg,317,215.0,1005.0
173,frame_000174.jpg,432.5,10,False,frame_000087.jpg,317,215.0,1005.0
174,frame_000175.jpg,435.0,10,False,frame_000087.jpg,317,215.0,1005.0
175,frame_000176.jpg,437.5,10,False,frame_000087.jpg,317,215.0,1005.0
176,frame_000177.jpg,440.0,10,False,frame_000087.jpg,317,215.0,1005.0
177,frame_000178.jpg,442.5,10,False,frame_000087.jpg,317,215.0,1005.0
178,frame_000179.jpg,445.0,10,False,frame_000087.jpg,317,215.0,1005.0
179,frame_000180.jpg,447.5,10,False,frame_000087.jpg,317,215.0,1005.0
180,frame_000181.jpg,450.0,10,False,frame_000087.jpg,317,215.0,1005.0
181,frame_000182.jpg,452.5,10,False,frame_000087.jpg,317,215.0,1005.0
182,frame_000183.jpg,455.0,10,False,frame_000087.jpg,317,215.0,1005.0
183,frame_000184.jpg,457.5,10,False,frame_000087.jpg,317,215.0,1005.0
184,frame_000185.jpg,460.0,10,False,frame_000087.jpg,317,215.0,1005.0
185,frame_000186.jpg,462.5,10,False,frame_000087.jpg,317,215.0,1005.0
186,frame_000187.jpg,465.0,10,False,frame_000087.jpg,317,215.0,1005.0
187,frame_000188.jpg,467.5,10,False,frame_000087.jpg,317,215.0,1005.0
188,frame_000189.jpg,470.0,10,False,frame_000087.jpg,317,215.0,1005.0
189,frame_000190.jpg,472.5,10,False,frame_000087.jpg,317,215.0,1005.0
190,frame_000191.jpg,475.0,10,False,frame_000087.jpg,317,215.0,1005.0
191,frame_000192.jpg,477.5,10,False,frame_000087.jpg,317,215.0,1005.0
192,frame_000193.jpg,480.0,10,False,frame_000087.jpg,317,215.0,1005.0
193,frame_000194.jpg,482.5,10,False,frame_000087.jpg,317,215.0,1005.0
194,frame_000195.jpg,485.0,10,False,frame_000087.jpg,317,215.0,1005.0
195,frame_000196.jpg,487.5,10,False,frame_000087.jpg,317,215.0,1005.0
196,frame_000197.jpg,490.0,10,False,frame_000087.jpg,317,215.0,1005.0
197,frame_000198.jpg,492.5,10,False,frame_000087.jpg,317,215.0,1005.0
198,frame_000199.jpg,495.0,10,False,frame_000087.jpg,317,215.0,1005.0
199,frame_000200.jpg,497.5,10,False,frame_000087.jpg,317,215.0,1005.0
200,frame_000201.jpg,500.0,10,False,frame_000087.jpg,317,215.0,1005.0
201,frame_000202.jpg,502.5,10,False,frame_000087.jpg,317,215.0,1005.0
202,frame_000203.jpg,505.0,10,False,frame_000087.jpg,317,215.0,1005.0
203,frame_000204.jpg,507.5,10,False,frame_000087.jpg,317,215.0,1005.0
204,frame_000205.jpg,510.0,10,False,frame_000087.jpg,317,215.0,1005.0
205,frame_000206.jpg,512.5,10,False,frame_000087.jpg,317,215.0,1005.0
206,frame_000207.jpg,515.0,10,False,frame_000087.jpg,317,215.0,1005.0
207,frame_000208.jpg,517.5,10,False,frame_000087.jpg,317,215.0,1005.0
208,frame_000209.jpg,520.0,10,False,frame_000087.jpg,317,215.0,1005.0
209,frame_000210.jpg,522.5,10,False,frame_000087.jpg,317,215.0,1005.0
210,frame_000211.jpg,525.0,10,False,frame_000087.jpg,317,215.0,1005.0
211,frame_000212.jpg,527.5,10,False,frame_000087.jpg,317,215.0,1005.0
212,frame_000213.jpg,530.0,10,False,frame_000087.jpg,317,215.0,1005.0
213,frame_000214.jpg,532.5,10,False,frame_000087.jpg,317,215.0,1005.0
214,frame_000215.jpg,535.0,10,False,frame_000087.jpg,317,215.0,1005.0
215,frame_000216.jpg,537.5,10,False,frame_000087.jpg,317,215.0,1005.0
216,frame_000217.jpg,540.0,10,False,frame_000087.jpg,317,215.0,1005.0
217,frame_000218.jpg,542.5,10,False,frame_000087.jpg,317,215.0,1005.0
218,frame_000219.jpg,545.0,10,False,frame_000087.jpg,317,215.0,1005.0
219,frame_000220.jpg,547.5,10,False,frame_000087.jpg,317,215.0,1005.0
220,frame_000221.jpg,550.0,10,False,frame_000087.jpg,317,215.0,1005.0
221,frame_000222.jpg,552.5,10,False,frame_000087.jpg,317,215.0,1005.0
222,frame_000223.jpg,555.0,10,False,frame_000087.jpg,317,215.0,1005.0
223,frame_000224.jpg,557.5,10,False,frame_000087.jpg,317,215.0,1005.0
224,frame_000225.jpg,560.0,10,False,frame_000087.jpg,317,215.0,1005.0
225,frame_000226.jpg,562.5,10,False,frame_000087.jpg,317,215.0,1005.0
226,frame_000227.jpg,565.0,10,False,frame_000087.jpg,317,215.0,1005.0
227,frame_000228.jpg,567.5,10,False,frame_000087.jpg,317,215.0,1005.0
228,frame_000229.jpg,570.0,10,False,frame_000087.jpg,317,215.0,1005.0
229,frame_000230.jpg,572.5,10,False,frame_000087.jpg,317,215.0,1005.0
230,frame_000231.jpg,575.0,10,False,frame_000087.jpg,317,215.0,1005.0
231,frame_000232.jpg,577.5,10,False,frame_000087.jpg,317,215.0,1005.0
232,frame_000233.jpg,580.0,10,False,frame_000087.jpg,317,215.0,1005.0
233,frame_000234.jpg,582.5,10,False,frame_000087.jpg,317,215.0,1005.0
234,frame_000235.jpg,585.0,10,False,frame_000087.jpg,317,215.0,1005.0
235,frame_000236.jpg,587.5,10,False,frame_000087.jpg,317,215.0,1005.0
236,frame_000237.jpg,590.0,10,False,frame_000087.jpg,317,215.0,1005.0
237,frame_000238.jpg,592.5,10,False,frame_000087.jpg,317,215.0,1005.0
238,frame_000239.jpg,595.0,10,False,frame_000087.jpg,317,215.0,1005.0
239,frame_000240.jpg,597.5,10,False,frame_000087.jpg,317,215.0,1005.0
240,frame_000241.jpg,600.0,10,False,frame_000087.jpg,317,215.0,1005.0
241,frame_000242.jpg,602.5,10,False,frame_000087.jpg,317,215.0,1005.0
242,frame_000243.jpg,605.0,10,False,frame_000087.jpg,317,215.0,1005.0
243,frame_000244.jpg,607.5,10,False,frame_000087.jpg,317,215.0,1005.0
244,frame_000245.jpg,610.0,10,False,frame_000087.jpg,317,215.0,1005.0
245,frame_000246.jpg,612.5,10,False,frame_000087.jpg,317,215.0,1005.0
246,frame_000247.jpg,615.0,10,False,frame_000087.jpg,317,215.0,1005.0
247,frame_000248.jpg,617.5,10,False,frame_000087.jpg,317,215.0,1005.0
248,frame_000249.jpg,620.0,10,False,frame_000087.jpg,317,215.0,1005.0
249,frame_000250.jpg,622.5,10,False,frame_000087.jpg,317,215.0,1005.0
250,frame_000251.jpg,625.0,10,False,frame_000087.jpg,317,215.0,1005.0
251,frame_000252.jpg,627.5,10,False,frame_000087.jpg,317,215.0,1005.0
252,frame_000253.jpg,630.0,10,False,frame_000087.jpg,317,215.0,1005.0
253,frame_000254.jpg,632.5,10,False,frame_000087.jpg,317,215.0,1005.0
254,frame_000255.jpg,635.0,10,False,frame_000087.jpg,317,215.0,1005.0
255,frame_000256.jpg,637.5,10,False,frame_000087.jpg,317,215.0,1005.0
256,frame_000257.jpg,640.0,10,False,frame_000087.jpg,317,215.0,1005.0
257,frame_000258.jpg,642.5,10,False,frame_000087.jpg,317,215.0,1005.0
258,frame_000259.jpg,645.0,10,False,frame_000087.jpg,317,215.0,1005.0
259,frame_000260.jpg,647.5,10,False,frame_000087.jpg,317,215.0,1005.0
260,frame_000261.jpg,650.0,10,False,frame_000087.jpg,317,215.0,1005.0
261,frame_000262.jpg,652.5,10,False,frame_000087.jpg,317,215.0,1005.0
262,frame_000263.jpg,655.0,10,False,frame_000087.jpg,317,215.0,1005.0
263,frame_000264.jpg,657.5,10,False,frame_000087.jpg,317,215.0,1005.0
264,frame_000265.jpg,660.0,10,False,frame_000087.jpg,317,215.0,1005.0
265,frame_000266.jpg,662.5,10,False,frame_000087.jpg,317,215.0,1005.0
266,frame_000267.jpg,665.0,10,False,frame_000087.jpg,317,215.0,1005.0
267,frame_000268.jpg,667.5,10,False,frame_000087.jpg,317,215.0,1005.0
268,frame_000269.jpg,670.0,10,False,frame_000087.jpg,317,215.0,1005.0
269,frame_000270.jpg,672.5,10,False,frame_000087.jpg,317,215.0,1005.0
270,frame_000271.jpg,675.0,10,False,frame_000087.jpg,317,215.0,1005.0
271,frame_000272.jpg,677.5,10,False,frame_000087.jpg,317,215.0,1005.0
272,frame_000273.jpg,680.0,10,False,frame_000087.jpg,317,215.0,1005.0
273,frame_000274.jpg,682.5,10,False,frame_000087.jpg,317,215.0,1005.0
274,frame_000275.jpg,685.0,10,False,frame_000087.jpg,317,215.0,1005.0
275,frame_000276.jpg,687.5,10,False,frame_000087.jpg,317,215.0,1005.0
276,frame_000277.jpg,690.0,10,False,frame_000087.jpg,317,215.0,1005.0
277,frame_000278.jpg,692.5,10,False,frame_000087.jpg,317,215.0,1005.0
278,frame_000279.jpg,695.0,10,False,frame_000087.jpg,317,215.0,1005.0
279,frame_000280.jpg,697.5,10,False,frame_000087.jpg,317,215.0,1005.0
280,frame_000281.jpg,700.0,10,False,frame_000087.jpg,317,215.0,1005.0
281,frame_000282.jpg,702.5,10,False,frame_000087.jpg,317,215.0,1005.0
282,frame_000283.jpg,705.0,10,False,frame_000087.jpg,317,215.0,1005.0
283,frame_000284.jpg,707.5,10,False,frame_000087.jpg,317,215.0,1005.0
284,frame_000285.jpg,710.0,10,False,frame_000087.jpg,317,215.0,1005.0
285,frame_000286.jpg,712.5,10,False,frame_000087.jpg,317,215.0,1005.0
286,frame_000287.jpg,715.0,10,False,frame_000087.jpg,317,215.0,1005.0
287,frame_000288.jpg,717.5,10,False,frame_000087.jpg,317,215.0,1005.0
288,frame_000289.jpg,720.0,10,False,frame_000087.jpg,317,215.0,1005.0
289,frame_000290.jpg,722.5,10,False,frame_000087.jpg,317,215.0,1005.0
290,frame_000291.jpg,725.0,10,False,frame_000087.jpg,317,215.0,1005.0
291,frame_000292.jpg,727.5,10,False,frame_000087.jpg,317,215.0,1005.0
292,frame_000293.jpg,730.0,10,False,frame_000087.jpg,317,215.0,1005.0
293,frame_000294.jpg,732.5,10,False,frame_000087.jpg,317,215.0,1005.0
294,frame_000295.jpg,735.0,10,False,frame_000087.jpg,317,215.0,1005.0
295,frame_000296.jpg,737.5,10,False,frame_000087.jpg,317,215.0,1005.0
296,frame_000297.jpg,740.0,10,False,frame_000087.jpg,317,215.0,1005.0
297,frame_000298.jpg,742.5,10,False,frame_000087.jpg,317,215.0,1005.0
298,frame_000299.jpg,745.0,10,False,frame_000087.jpg,317,215.0,1005.0
299,frame_000300.jpg,747.5,10,False,frame_000087.jpg,317,215.0,1005.0
300,frame_000301.jpg,750.0,10,False,frame_000087.jpg,317,215.0,1005.0
301,frame_000302.jpg,752.5,10,False,frame_000087.jpg,317,215.0,1005.0
302,frame_000303.jpg,755.0,10,False,frame_000087.jpg,317,215.0,1005.0
303,frame_000304.jpg,757.5,10,False,frame_000087.jpg,317,215.0,1005.0
304,frame_000305.jpg,760.0,10,False,frame_000087.jpg,317,215.0,1005.0
305,frame_000306.jpg,762.5,10,False,frame_000087.jpg,317,215.0,1005.0
306,frame_000307.jpg,765.0,10,False,frame_000087.jpg,317,215.0,1005.0
307,frame_000308.jpg,767.5,10,False,frame_000087.jpg,317,215.0,1005.0
308,frame_000309.jpg,770.0,10,False,frame_000087.jpg,317,215.0,1005.0
309,frame_000310.jpg,772.5,10,False,frame_000087.jpg,317,215.0,1005.0
310,frame_000311.jpg,775.0,10,False,frame_000087.jpg,317,215.0,1005.0
311,frame_000312.jpg,777.5,10,False,frame_000087.jpg,317,215.0,1005.0
312,frame_000313.jpg,780.0,10,False,frame_000087.jpg,317,215.0,1005.0
313,frame_000314.jpg,782.5,10,False,frame_000087.jpg,317,215.0,1005.0
314,frame_000315.jpg,785.0,10,False,frame_000087.jpg,317,215.0,1005.0
315,frame_000316.jpg,787.5,10,False,frame_000087.jpg,317,215.0,1005.0
316,frame_000317.jpg,790.0,10,False,frame_000087.jpg,317,215.0,1005.0
317,frame_000318.jpg,792.5,10,False,frame_000087.jpg,317,215.0,1005.0
318,frame_000319.jpg,795.0,10,False,frame_000087.jpg,317,215.0,1005.0
319,frame_000320.jpg,797.5,10,False,frame_000087.jpg,317,215.0,1005.0
320,frame_000321.jpg,800.0,10,False,frame_000087.jpg,317,215.0,1005.0
321,frame_000322.jpg,802.5,10,False,frame_000087.jpg,317,215.0,1005.0
322,frame_000323.jpg,805.0,10,False,frame_000087.jpg,317,215.0,1005.0
323,frame_000324.jpg,807.5,10,False,frame_000087.jpg,317,215.0,1005.0
324,frame_000325.jpg,810.0,10,False,frame_000087.jpg,317,215.0,1005.0
325,frame_000326.jpg,812.5,10,False,frame_000087.jpg,317,215.0,1005.0
326,frame_000327.jpg,815.0,10,False,frame_000087.jpg,317,215.0,1005.0
327,frame_000328.jpg,817.5,10,False,frame_000087.jpg,317,215.0,1005.0
328,frame_000329.jpg,820.0,10,False,frame_000087.jpg,317,215.0,1005.0
329,frame_000330.jpg,822.5,10,False,frame_000087.jpg,317,215.0,1005.0
330,frame_000331.jpg,825.0,10,False,frame_000087.jpg,317,215.0,1005.0
331,frame_000332.jpg,827.5,10,False,frame_000087.jpg,317,215.0,1005.0
332,frame_000333.jpg,830.0,10,False,frame_000087.jpg,317,215.0,1005.0
333,frame_000334.jpg,832.5,10,False,frame_000087.jpg,317,215.0,1005.0
334,frame_000335.jpg,835.0,10,False,frame_000087.jpg,317,215.0,1005.0
335,frame_000336.jpg,837.5,10,False,frame_000087.jpg,317,215.0,1005.0
336,frame_000337.jpg,840.0,10,False,frame_000087.jpg,317,215.0,1005.0
337,frame_000338.jpg,842.5,10,False,frame_000087.jpg,317,215.0,1005.0
338,frame_000339.jpg,845.0,10,False,frame_000087.jpg,317,215.0,1005.0
339,frame_000340.jpg,847.5,10,False,frame_000087.jpg,317,215.0,1005.0
340,frame_000341.jpg,850.0,10,False,frame_000087.jpg,317,215.0,1005.0
341,frame_000342.jpg,852.5,10,False,frame_000087.jpg,317,215.0,1005.0
342,frame_000343.jpg,855.0,10,False,frame_000087.jpg,317,215.0,1005.0
343,frame_000344.jpg,857.5,10,False,frame_000087.jpg,317,215.0,1005.0
344,frame_000345.jpg,860.0,10,False,frame_000087.jpg,317,215.0,1005.0
345,frame_000346.jpg,862.5,10,False,frame_000087.jpg,317,215.0,1005.0
346,frame_000347.jpg,865.0,10,False,frame_000087.jpg,317,215.0,1005.0
347,frame_000348.jpg,867.5,10,False,frame_000087.jpg,317,215.0,1005.0
348,frame_000349.jpg,870.0,10,False,frame_000087.jpg,317,215.0,1005.0
349,frame_000350.jpg,872.5,10,False,frame_000087.jpg,317,215.0,1005.0
350,frame_000351.jpg,875.0,10,False,frame_000087.jpg,317,215.0,1005.0
351,frame_000352.jpg,877.5,10,False,frame_000087.jpg,317,215.0,1005.0
352,frame_000353.jpg,880.0,10,False,frame_000087.jpg,317,215.0,1005.0
353,frame_000354.jpg,882.5,10,False,frame_000087.jpg,317,215.0,1005.0
354,frame_000355.jpg,885.0,10,False,frame_000087.jpg,317,215.0,1005.0
355,frame_000356.jpg,887.5,10,False,frame_000087.jpg,317,215.0,1005.0
356,frame_000357.jpg,890.0,10,False,frame_000087.jpg,317,215.0,1005.0
357,frame_000358.jpg,892.5,10,False,frame_000087.jpg,317,215.0,1005.0
358,frame_000359.jpg,895.0,10,False,frame_000087.jpg,317,215.0,1005.0
359,frame_000360.jpg,897.5,10,False,frame_000087.jpg,317,215.0,1005.0
360,frame_000361.jpg,900.0,10,False,frame_000087.jpg,317,215.0,1005.0
361,frame_000362.jpg,902.5,10,False,frame_000087.jpg,317,215.0,1005.0
362,frame_000363.jpg,905.0,10,False,frame_000087.jpg,317,215.0,1005.0
363,frame_000364.jpg,907.5,10,False,frame_000087.jpg,317,215.0,1005.0
364,frame_000365.jpg,910.0,10,False,frame_000087.jpg,317,215.0,1005.0
365,frame_000366.jpg,912.5,10,False,frame_000087.jpg,317,215.0,1005.0
366,frame_000367.jpg,915.0,10,False,frame_000087.jpg,317,215.0,1005.0
367,frame_000368.jpg,917.5,10,False,frame_000087.jpg,317,215.0,1005.0
368,frame_000369.jpg,920.0,10,False,frame_000087.jpg,317,215.0,1005.0
369,frame_000370.jpg,922.5,10,False,frame_000087.jpg,317,215.0,1005.0
370,frame_000371.jpg,925.0,10,False,frame_000087.jpg,317,215.0,1005.0
371,frame_000372.jpg,927.5,10,False,frame_000087.jpg,317,215.0,1005.0
372,frame_000373.jpg,930.0,10,False,frame_000087.jpg,317,215.0,1005.0
373,frame_000374.jpg,932.5,10,False,frame_000087.jpg,317,215.0,1005.0
374,frame_000375.jpg,935.0,10,False,frame_000087.jpg,317,215.0,1005.0
375,frame_000376.jpg,937.5,10,False,frame_000087.jpg,317,215.0,1005.0
376,frame_000377.jpg,940.0,10,False,frame_000087.jpg,317,215.0,1005.0
377,frame_000378.jpg,942.5,10,False,frame_000087.jpg,317,215.0,1005.0
378,frame_000379.jpg,945.0,10,False,frame_000087.jpg,317,215.0,1005.0
379,frame_000380.jpg,947.5,10,False,frame_000087.jpg,317,215.0,1005.0
380,frame_000381.jpg,950.0,10,False,frame_000087.jpg,317,215.0,1005.0
381,frame_000382.jpg,952.5,10,False,frame_000087.jpg,317,215.0,1005.0
382,frame_000383.jpg,955.0,10,False,frame_000087.jpg,317,215.0,1005.0
383,frame_000384.jpg,957.5,10,False,frame_000087.jpg,317,215.0,1005.0
384,frame_000385.jpg,960.0,10,False,frame_000087.jpg,317,215.0,1005.0
385,frame_000386.jpg,962.5,10,False,frame_000087.jpg,317,215.0,1005.0
386,frame_000387.jpg,965.0,10,False,frame_000087.jpg,317,215.0,1005.0
387,frame_000388.jpg,967.5,10,False,frame_000087.jpg,317,215.0,1005.0
388,frame_000389.jpg,970.0,10,False,frame_000087.jpg,317,215.0,1005.0
389,frame_000390.jpg,972.5,10,False,frame_000087.jpg,317,215.0,1005.0
390,frame_000391.jpg,975.0,10,False,frame_000087.jpg,317,215.0,1005.0
391,frame_000392.jpg,977.5,10,False,frame_000087.jpg,317,215.0,1005.0
392,frame_000393.jpg,980.0,10,False,frame_000087.jpg,317,215.0,1005.0
393,frame_000394.jpg,982.5,10,False,frame_000087.jpg,317,215.0,1005.0
394,frame_000395.jpg,985.0,10,False,frame_000087.jpg,317,215.0,1005.0
395,frame_000396.jpg,987.5,10,False,frame_000087.jpg,317,215.0,1005.0
396,frame_000397.jpg,990.0,10,False,frame_000087.jpg,317,215.0,1005.0
397,frame_000398.jpg,992.5,10,False,frame_000087.jpg,317,215.0,1005.0
398,frame_000399.jpg,995.0,10,False,frame_000087.jpg,317,215.0,1005.0
399,frame_000400.jpg,997.5,10,False,frame_000087.jpg,317,215.0,1005.0
400,frame_000401.jpg,1000.0,10,False,frame_000087.jpg,317,215.0,1005.0
401,frame_000402.jpg,1002.5,10,False,frame_000087.jpg,317,215.0,1005.0
402,frame_000403.jpg,1005.0,10,False,frame_000087.jpg,317,215.0,1005.0
403,frame_000404.jpg,1007.5,11,True,frame_000404.jpg,7,1007.5,1022.5
404,frame_000405.jpg,1010.0,11,False,frame_000404.jpg,7,1007.5,1022.5
405,frame_000406.jpg,1012.5,11,False,frame_000404.jpg,7,1007.5,1022.5
406,frame_000407.jpg,1015.0,11,False,frame_000404.jpg,7,1007.5,1022.5
407,frame_000408.jpg,1017.5,11,False,frame_000404.jpg,7,1007.5,1022.5
408,frame_000409.jpg,1020.0,11,False,frame_000404.jpg,7,1007.5,1022.5
409,frame_000410.jpg,1022.5,11,False,frame_000404.jpg,7,1007.5,1022.5
410,frame_000411.jpg,1025.0,12,True,frame_000411.jpg,124,1025.0,1332.5
411,frame_000412.jpg,1027.5,12,False,frame_000411.jpg,124,1025.0,1332.5
412,frame_000413.jpg,1030.0,12,False,frame_000411.jpg,124,1025.0,1332.5
413,frame_000414.jpg,1032.5,12,False,frame_000411.jpg,124,1025.0,1332.5
414,frame_000415.jpg,1035.0,12,False,frame_000411.jpg,124,1025.0,1332.5
415,frame_000416.jpg,1037.5,12,False,frame_000411.jpg,124,1025.0,1332.5
416,frame_000417.jpg,1040.0,12,False,frame_000411.jpg,124,1025.0,1332.5
417,frame_000418.jpg,1042.5,12,False,frame_000411.jpg,124,1025.0,1332.5
418,frame_000419.jpg,1045.0,12,False,frame_000411.jpg,124,1025.0,1332.5
419,frame_000420.jpg,1047.5,12,False,frame_000411.jpg,124,1025.0,1332.5
420,frame_000421.jpg,1050.0,12,False,frame_000411.jpg,124,1025.0,1332.5
421,frame_000422.jpg,1052.5,12,False,frame_000411.jpg,124,1025.0,1332.5
422,frame_000423.jpg,1055.0,12,False,frame_000411.jpg,124,1025.0,1332.5
423,frame_000424.jpg,1057.5,12,False,frame_000411.jpg,124,1025.0,1332.5
424,frame_000425.jpg,1060.0,12,False,frame_000411.jpg,124,1025.0,1332.5
425,frame_000426.jpg,1062.5,12,False,frame_000411.jpg,124,1025.0,1332.5
426,frame_000427.jpg,1065.0,12,False,frame_000411.jpg,124,1025.0,1332.5
427,frame_000428.jpg,1067.5,12,False,frame_000411.jpg,124,1025.0,1332.5
428,frame_000429.jpg,1070.0,12,False,frame_000411.jpg,124,1025.0,1332.5
429,frame_000430.jpg,1072.5,12,False,frame_000411.jpg,124,1025.0,1332.5
430,frame_000431.jpg,1075.0,12,False,frame_000411.jpg,124,1025.0,1332.5
431,frame_000432.jpg,1077.5,12,False,frame_000411.jpg,124,1025.0,1332.5
432,frame_000433.jpg,1080.0,12,False,frame_000411.jpg,124,1025.0,1332.5
433,frame_000434.jpg,1082.5,12,False,frame_000411.jpg,124,1025.0,1332.5
434,frame_000435.jpg,1085.0,12,False,frame_000411.jpg,124,1025.0,1332.5
435,frame_000436.jpg,1087.5,12,False,frame_000411.jpg,124,1025.0,1332.5
436,frame_000437.jpg,1090.0,12,False,frame_000411.jpg,124,1025.0,1332.5
437,frame_000438.jpg,1092.5,12,False,frame_000411.jpg,124,1025.0,1332.5
438,frame_000439.jpg,1095.0,12,False,frame_000411.jpg,124,1025.0,1332.5
439,frame_000440.jpg,1097.5,12,False,frame_000411.jpg,124,1025.0,1332.5
440,frame_000441.jpg,1100.0,12,False,frame_000411.jpg,124,1025.0,1332.5
441,frame_000442.jpg,1102.5,12,False,frame_000411.jpg,124,1025.0,1332.5
442,frame_000443.jpg,1105.0,12,False,frame_000411.jpg,124,1025.0,1332.5
443,frame_000444.jpg,1107.5,12,False,frame_000411.jpg,124,1025.0,1332.5
444,frame_000445.jpg,1110.0,12,False,frame_000411.jpg,124,1025.0,1332.5
445,frame_000446.jpg,1112.5,12,False,frame_000411.jpg,124,1025.0,1332.5
446,frame_000447.jpg,1115.0,12,False,frame_000411.jpg,124,1025.0,1332.5
447,frame_000448.jpg,1117.5,12,False,frame_000411.jpg,124,1025.0,1332.5
448,frame_000449.jpg,1120.0,12,False,frame_000411.jpg,124,1025.0,1332.5
449,frame_000450.jpg,1122.5,12,False,frame_000411.jpg,124,1025.0,1332.5
450,frame_000451.jpg,1125.0,12,False,frame_000411.jpg,124,1025.0,1332.5
451,frame_000452.jpg,1127.5,12,False,frame_000411.jpg,124,1025.0,1332.5
452,frame_000453.jpg,1130.0,12,False,frame_000411.jpg,124,1025.0,1332.5
453,frame_000454.jpg,1132.5,12,False,frame_000411.jpg,124,1025.0,1332.5
454,frame_000455.jpg,1135.0,12,False,frame_000411.jpg,124,1025.0,1332.5
455,frame_000456.jpg,1137.5,12,False,frame_000411.jpg,124,1025.0,1332.5
456,frame_000457.jpg,1140.0,12,False,frame_000411.jpg,124,1025.0,1332.5
457,frame_000458.jpg,1142.5,12,False,frame_000411.jpg,124,1025.0,1332.5
458,frame_000459.jpg,1145.0,12,False,frame_000411.jpg,124,1025.0,1332.5
459,frame_000460.jpg,1147.5,12,False,frame_000411.jpg,124,1025.0,1332.5
460,frame_000461.jpg,1150.0,12,False,frame_000411.jpg,124,1025.0,1332.5
461,frame_000462.jpg,1152.5,12,False,frame_000411.jpg,124,1025.0,1332.5
462,frame_000463.jpg,1155.0,12,False,frame_000411.jpg,124,1025.0,1332.5
463,frame_000464.jpg,1157.5,12,False,frame_000411.jpg,124,1025.0,1332.5
464,frame_000465.jpg,1160.0,12,False,frame_000411.jpg,124,1025.0,1332.5
465,frame_000466.jpg,1162.5,12,False,frame_000411.jpg,124,1025.0,1332.5
466,frame_000467.jpg,1165.0,12,False,frame_000411.jpg,124,1025.0,1332.5
467,frame_000468.jpg,1167.5,12,False,frame_000411.jpg,124,1025.0,1332.5
468,frame_000469.jpg,1170.0,12,False,frame_000411.jpg,124,1025.0,1332.5
469,frame_000470.jpg,1172.5,12,False,frame_000411.jpg,124,1025.0,1332.5
470,frame_000471.jpg,1175.0,12,False,frame_000411.jpg,124,1025.0,1332.5
471,frame_000472.jpg,1177.5,12,False,frame_000411.jpg,124,1025.0,1332.5
472,frame_000473.jpg,1180.0,12,False,frame_000411.jpg,124,1025.0,1332.5
473,frame_000474.jpg,1182.5,12,False,frame_000411.jpg,124,1025.0,1332.5
474,frame_000475.jpg,1185.0,12,False,frame_000411.jpg,124,1025.0,1332.5
475,frame_000476.jpg,1187.5,12,False,frame_000411.jpg,124,1025.0,1332.5
476,frame_000477.jpg,1190.0,12,False,frame_000411.jpg,124,1025.0,1332.5
477,frame_000478.jpg,1192.5,12,False,frame_000411.jpg,124,1025.0,1332.5
478,frame_000479.jpg,1195.0,12,False,frame_000411.jpg,124,1025.0,1332.5
479,frame_000480.jpg,1197.5,12,False,frame_000411.jpg,124,1025.0,1332.5
480,frame_000481.jpg,1200.0,12,False,frame_000411.jpg,124,1025.0,1332.5
481,frame_000482.jpg,1202.5,12,False,frame_000411.jpg,124,1025.0,1332.5
482,frame_000483.jpg,1205.0,12,False,frame_000411.jpg,124,1025.0,1332.5
483,frame_000484.jpg,1207.5,12,False,frame_000411.jpg,124,1025.0,1332.5
484,frame_000485.jpg,1210.0,12,False,frame_000411.jpg,124,1025.0,1332.5
485,frame_000486.jpg,1212.5,12,False,frame_000411.jpg,124,1025.0,1332.5
486,frame_000487.jpg,1215.0,12,False,frame_000411.jpg,124,1025.0,1332.5
487,frame_000488.jpg,1217.5,12,False,frame_000411.jpg,124,1025.0,1332.5
488,frame_000489.jpg,1220.0,12,False,frame_000411.jpg,124,1025.0,1332.5
489,frame_000490.jpg,1222.5,12,False,frame_000411.jpg,124,1025.0,1332.5
490,frame_000491.jpg,1225.0,12,False,frame_000411.jpg,124,1025.0,1332.5
491,frame_000492.jpg,1227.5,12,False,frame_000411.jpg,124,1025.0,1332.5
492,frame_000493.jpg,1230.0,12,False,frame_000411.jpg,124,1025.0,1332.5
493,frame_000494.jpg,1232.5,12,False,frame_000411.jpg,124,1025.0,1332.5
494,frame_000495.jpg,1235.0,12,False,frame_000411.jpg,124,1025.0,1332.5
495,frame_000496.jpg,1237.5,12,False,frame_000411.jpg,124,1025.0,1332.5
496,frame_000497.jpg,1240.0,12,False,frame_000411.jpg,124,1025.0,1332.5
497,frame_000498.jpg,1242.5,12,False,frame_000411.jpg,124,1025.0,1332.5
498,frame_000499.jpg,1245.0,12,False,frame_000411.jpg,124,1025.0,1332.5
499,frame_000500.jpg,1247.5,12,False,frame_000411.jpg,124,1025.0,1332.5
500,frame_000501.jpg,1250.0,12,False,frame_000411.jpg,124,1025.0,1332.5
501,frame_000502.jpg,1252.5,12,False,frame_000411.jpg,124,1025.0,1332.5
502,frame_000503.jpg,1255.0,12,False,frame_000411.jpg,124,1025.0,1332.5
503,frame_000504.jpg,1257.5,12,False,frame_000411.jpg,124,1025.0,1332.5
504,frame_000505.jpg,1260.0,12,False,frame_000411.jpg,124,1025.0,1332.5
505,frame_000506.jpg,1262.5,12,False,frame_000411.jpg,124,1025.0,1332.5
506,frame_000507.jpg,1265.0,12,False,frame_000411.jpg,124,1025.0,1332.5
507,frame_000508.jpg,1267.5,12,False,frame_000411.jpg,124,1025.0,1332.5
508,frame_000509.jpg,1270.0,12,False,frame_000411.jpg,124,1025.0,1332.5
509,frame_000510.jpg,1272.5,12,False,frame_000411.jpg,124,1025.0,1332.5
510,frame_000511.jpg,1275.0,12,False,frame_000411.jpg,124,1025.0,1332.5
511,frame_000512.jpg,1277.5,12,False,frame_000411.jpg,124,1025.0,1332.5
512,frame_000513.jpg,1280.0,12,False,frame_000411.jpg,124,1025.0,1332.5
513,frame_000514.jpg,1282.5,12,False,frame_000411.jpg,124,1025.0,1332.5
514,frame_000515.jpg,1285.0,12,False,frame_000411.jpg,124,1025.0,1332.5
515,frame_000516.jpg,1287.5,12,False,frame_000411.jpg,124,1025.0,1332.5
516,frame_000517.jpg,1290.0,12,False,frame_000411.jpg,124,1025.0,1332.5
517,frame_000518.jpg,1292.5,12,False,frame_000411.jpg,124,1025.0,1332.5
518,frame_000519.jpg,1295.0,12,False,frame_000411.jpg,124,1025.0,1332.5
519,frame_000520.jpg,1297.5,12,False,frame_000411.jpg,124,1025.0,1332.5
520,frame_000521.jpg,1300.0,12,False,frame_000411.jpg,124,1025.0,1332.5
521,frame_000522.jpg,1302.5,12,False,frame_000411.jpg,124,1025.0,1332.5
522,frame_000523.jpg,1305.0,12,False,frame_000411.jpg,124,1025.0,1332.5
523,frame_000524.jpg,1307.5,12,False,frame_000411.jpg,124,1025.0,1332.5
524,frame_000525.jpg,1310.0,12,False,frame_000411.jpg,124,1025.0,1332.5
525,frame_000526.jpg,1312.5,12,False,frame_000411.jpg,124,1025.0,1332.5
526,frame_000527.jpg,1315.0,12,False,frame_000411.jpg,124,1025.0,1332.5
527,frame_000528.jpg,1317.5,12,False,frame_000411.jpg,124,1025.0,1332.5
528,frame_000529.jpg,1320.0,12,False,frame_000411.jpg,124,1025.0,1332.5
529,frame_000530.jpg,1322.5,12,False,frame_000411.jpg,124,1025.0,1332.5
530,frame_000531.jpg,1325.0,12,False,frame_000411.jpg,124,1025.0,1332.5
531,frame_000532.jpg,1327.5,12,False,frame_000411.jpg,124,1025.0,1332.5
532,frame_000533.jpg,1330.0,12,False,frame_000411.jpg,124,1025.0,1332.5
533,frame_000534.jpg,1332.5,12,False,frame_000411.jpg,124,1025.0,1332.5
534,frame_000535.jpg,1335.0,13,True,frame_000535.jpg,1,1335.0,1335.0
